{
    "plddt": 78.5,
    "gpde": 1.7496744394302368,
    "ptm": 0.6421982645988464,
    "iptm": 0.6203283667564392,
    "chain_ptm": [
        0.9070823192596436,
        0.7174013257026672
    ],
    "chain_iptm": [
        0.6203283667564392,
        0.6203283667564392
    ],
    "chain_pair_iptm": [
        [
            0.0,
            0.6203283667564392
        ],
        [
            0.6203283667564392,
            0.0
        ]
    ],
    "chain_pair_iptm_global": [
        [
            0.0,
            0.6203283667564392
        ],
        [
            0.6203283667564392,
            0.0
        ]
    ],
    "chain_plddt": [
        0.85546875,
        0.765625
    ],
    "chain_pair_plddt": [
        [
            0.0,
            0.78515625
        ],
        [
            0.78515625,
            0.0
        ]
    ],
    "has_clash": false,
    "disorder": 0.0,
    "ranking_score": 0.6247023344039917,
    "num_recycles": 10
}