{
    "plddt": 78.0,
    "gpde": 1.7212741374969482,
    "ptm": 0.6659731268882751,
    "iptm": 0.4308960735797882,
    "chain_ptm": [
        0.9178258180618286,
        0.7299082279205322
    ],
    "chain_iptm": [
        0.4308960735797882,
        0.4308960735797882
    ],
    "chain_pair_iptm": [
        [
            0.0,
            0.4308960735797882
        ],
        [
            0.4308960735797882,
            0.0
        ]
    ],
    "chain_pair_iptm_global": [
        [
            0.0,
            0.4308960735797882
        ],
        [
            0.4308960735797882,
            0.0
        ]
    ],
    "chain_plddt": [
        0.84765625,
        0.76171875
    ],
    "chain_pair_plddt": [
        [
            0.0,
            0.78125
        ],
        [
            0.78125,
            0.0
        ]
    ],
    "has_clash": false,
    "disorder": 0.0,
    "ranking_score": 0.47791150212287903,
    "num_recycles": 10
}