{
    "plddt": 78.5,
    "gpde": 1.8161112070083618,
    "ptm": 0.5972221493721008,
    "iptm": 0.5612382292747498,
    "chain_ptm": [
        0.9097000360488892,
        0.6871077418327332
    ],
    "chain_iptm": [
        0.5612382292747498,
        0.5612382292747498
    ],
    "chain_pair_iptm": [
        [
            0.0,
            0.5612382292747498
        ],
        [
            0.5612382292747498,
            0.0
        ]
    ],
    "chain_pair_iptm_global": [
        [
            0.0,
            0.5612382292747498
        ],
        [
            0.5612382292747498,
            0.0
        ]
    ],
    "chain_plddt": [
        0.85546875,
        0.76171875
    ],
    "chain_pair_plddt": [
        [
            0.0,
            0.78515625
        ],
        [
            0.78515625,
            0.0
        ]
    ],
    "has_clash": false,
    "disorder": 0.0,
    "ranking_score": 0.56843501329422,
    "num_recycles": 10
}