{
    "plddt": 77.5,
    "gpde": 1.7959330081939697,
    "ptm": 0.6203692555427551,
    "iptm": 0.41124916076660156,
    "chain_ptm": [
        0.9143562316894531,
        0.7095946073532104
    ],
    "chain_iptm": [
        0.41124916076660156,
        0.41124916076660156
    ],
    "chain_pair_iptm": [
        [
            0.0,
            0.41124916076660156
        ],
        [
            0.41124916076660156,
            0.0
        ]
    ],
    "chain_pair_iptm_global": [
        [
            0.0,
            0.41124916076660156
        ],
        [
            0.41124916076660156,
            0.0
        ]
    ],
    "chain_plddt": [
        0.84765625,
        0.7578125
    ],
    "chain_pair_plddt": [
        [
            0.0,
            0.77734375
        ],
        [
            0.77734375,
            0.0
        ]
    ],
    "has_clash": false,
    "disorder": 0.0,
    "ranking_score": 0.4530732035636902,
    "num_recycles": 10
}