{
    "plddt": 79.0,
    "gpde": 1.7323530912399292,
    "ptm": 0.642218828201294,
    "iptm": 0.6417598724365234,
    "chain_ptm": [
        0.9109776616096497,
        0.7178062796592712
    ],
    "chain_iptm": [
        0.6417598724365234,
        0.6417598724365234
    ],
    "chain_pair_iptm": [
        [
            0.0,
            0.6417598724365234
        ],
        [
            0.6417598724365234,
            0.0
        ]
    ],
    "chain_pair_iptm_global": [
        [
            0.0,
            0.6417598724365234
        ],
        [
            0.6417598724365234,
            0.0
        ]
    ],
    "chain_plddt": [
        0.859375,
        0.765625
    ],
    "chain_pair_plddt": [
        [
            0.0,
            0.7890625
        ],
        [
            0.7890625,
            0.0
        ]
    ],
    "has_clash": false,
    "disorder": 0.0,
    "ranking_score": 0.6418516635894775,
    "num_recycles": 10
}