{
    "plddt": 74.5,
    "gpde": 1.2456741333007812,
    "ptm": 0.6506901383399963,
    "iptm": 0.9837443828582764,
    "chain_ptm": [
        0.6411388516426086,
        0.7114158272743225
    ],
    "chain_iptm": [
        0.9837443828582764,
        0.9837443828582764
    ],
    "chain_pair_iptm": [
        [
            0.0,
            0.9837443828582764
        ],
        [
            0.9837443828582764,
            0.0
        ]
    ],
    "chain_pair_iptm_global": [
        [
            0.0,
            0.9837443828582764
        ],
        [
            0.9837443828582764,
            0.0
        ]
    ],
    "chain_plddt": [
        0.74609375,
        0.8671875
    ],
    "chain_pair_plddt": [
        [
            0.0,
            0.74609375
        ],
        [
            0.74609375,
            0.0
        ]
    ],
    "has_clash": false,
    "disorder": 0.0,
    "ranking_score": 0.9171335697174072,
    "num_recycles": 10
}