{
    "plddt": 74.5,
    "gpde": 1.167406678199768,
    "ptm": 0.6867691874504089,
    "iptm": 0.9836580753326416,
    "chain_ptm": [
        0.6784142851829529,
        0.7188333868980408
    ],
    "chain_iptm": [
        0.9836580753326416,
        0.9836580753326416
    ],
    "chain_pair_iptm": [
        [
            0.0,
            0.9836580753326416
        ],
        [
            0.9836580753326416,
            0.0
        ]
    ],
    "chain_pair_iptm_global": [
        [
            0.0,
            0.9836580753326416
        ],
        [
            0.9836580753326416,
            0.0
        ]
    ],
    "chain_plddt": [
        0.74609375,
        0.86328125
    ],
    "chain_pair_plddt": [
        [
            0.0,
            0.74609375
        ],
        [
            0.74609375,
            0.0
        ]
    ],
    "has_clash": false,
    "disorder": 0.0,
    "ranking_score": 0.9242802858352661,
    "num_recycles": 10
}