{
    "plddt": 74.5,
    "gpde": 1.2454856634140015,
    "ptm": 0.6385597586631775,
    "iptm": 0.9813968539237976,
    "chain_ptm": [
        0.6287495493888855,
        0.7029547691345215
    ],
    "chain_iptm": [
        0.9813968539237976,
        0.9813968539237976
    ],
    "chain_pair_iptm": [
        [
            0.0,
            0.9813968539237976
        ],
        [
            0.9813968539237976,
            0.0
        ]
    ],
    "chain_pair_iptm_global": [
        [
            0.0,
            0.9813968539237976
        ],
        [
            0.9813968539237976,
            0.0
        ]
    ],
    "chain_plddt": [
        0.74609375,
        0.859375
    ],
    "chain_pair_plddt": [
        [
            0.0,
            0.74609375
        ],
        [
            0.74609375,
            0.0
        ]
    ],
    "has_clash": false,
    "disorder": 0.0,
    "ranking_score": 0.9128294587135315,
    "num_recycles": 10
}