{
    "plddt": 75.5,
    "gpde": 1.1447490453720093,
    "ptm": 0.7110795378684998,
    "iptm": 0.9845247864723206,
    "chain_ptm": [
        0.7032776474952698,
        0.7120607495307922
    ],
    "chain_iptm": [
        0.9845247864723206,
        0.9845247864723206
    ],
    "chain_pair_iptm": [
        [
            0.0,
            0.9845247864723206
        ],
        [
            0.9845247864723206,
            0.0
        ]
    ],
    "chain_pair_iptm_global": [
        [
            0.0,
            0.9845247864723206
        ],
        [
            0.9845247864723206,
            0.0
        ]
    ],
    "chain_plddt": [
        0.75390625,
        0.8671875
    ],
    "chain_pair_plddt": [
        [
            0.0,
            0.75390625
        ],
        [
            0.75390625,
            0.0
        ]
    ],
    "has_clash": false,
    "disorder": 0.0,
    "ranking_score": 0.9298357367515564,
    "num_recycles": 10
}