{
    "plddt": 74.5,
    "gpde": 1.1670103073120117,
    "ptm": 0.6736224293708801,
    "iptm": 0.9846809506416321,
    "chain_ptm": [
        0.6649059653282166,
        0.718466579914093
    ],
    "chain_iptm": [
        0.9846809506416321,
        0.9846809506416321
    ],
    "chain_pair_iptm": [
        [
            0.0,
            0.9846809506416321
        ],
        [
            0.9846809506416321,
            0.0
        ]
    ],
    "chain_pair_iptm_global": [
        [
            0.0,
            0.9846809506416321
        ],
        [
            0.9846809506416321,
            0.0
        ]
    ],
    "chain_plddt": [
        0.74609375,
        0.86328125
    ],
    "chain_pair_plddt": [
        [
            0.0,
            0.74609375
        ],
        [
            0.74609375,
            0.0
        ]
    ],
    "has_clash": false,
    "disorder": 0.0,
    "ranking_score": 0.9224692583084106,
    "num_recycles": 10
}